startTime,datasetname,algo,k,method,runningTime,seriationScore,clusterAreaScore,visualisationCost,blockSliceArea,demeritScore,areaPenalty,perimeterSize
27-03-2023-17-56-19,20newsPruned500Threshold0.01,basso,6,metaTSP2,40.01849937438965,114365,1063611323,9406,1807880012,3580,22095,54698
27-03-2023-17-56-19,20newsPruned500Threshold0.01,basso,6,ADVISER,0.0030918121337890625,111449,1055179245,225532,1860337000,3996,15947,89933
27-03-2023-17-56-19,20newsPruned500Threshold0.01,basso,6,greedyProximityScore,0.005999565124511719,109553,1055735623,978438,1849946149,3982,23164,138701
27-03-2023-17-56-19,20newsPruned500Threshold0.01,basso,6,greedyClusterArea,0.013596773147583008,104882,1060060077,1691752,1786433431,4374,37454,168244
27-03-2023-17-56-19,20newsPruned500Threshold0.01,basso,6,greedyBlockSliceArea,0.015144586563110352,126396,1006881601,1900212,2093543637,5250,50545,218677
27-03-2023-17-56-19,20newsPruned500Threshold0.01,basso,6,greedyDemerit,0.006938457489013672,123802,1061388703,430828,1615096875,3220,16300,105947
27-03-2023-17-56-19,20newsPruned500Threshold0.01,basso,6,random1,3.695487976074219e-05,98014,682435003,1728783,1563818337,9764,71797,248843
27-03-2023-17-56-19,20newsPruned500Threshold0.01,basso,6,random2,1.1444091796875e-05,71942,313608933,1146444,1359419335,11631,43843,168521
27-03-2023-17-56-19,20newsPruned500Threshold0.01,basso,6,random3,1.5974044799804688e-05,67469,267750375,1668708,1560099426,13525,66910,218975
27-03-2023-17-56-19,20newsPruned500Threshold0.01,basso,6,random4,1.2874603271484375e-05,92170,329556975,1069651,1672927535,9335,81487,258127
27-03-2023-17-56-19,20newsPruned500Threshold0.01,basso,6,random5,1.1920928955078125e-05,84264,399112249,1513584,1540805088,7973,68360,278702
