startTime,datasetname,algo,k,method,runningTime,seriationScore,clusterAreaScore,visualisationCost,blockSliceArea,demeritScore,areaPenalty,perimeterSize
27-03-2023-17-56-19,mushroom_sample,basso,6,metaTSP2,40.01467156410217,13250,16569132,2848,23542380,1838,1626,7012
27-03-2023-17-56-19,mushroom_sample,basso,6,ADVISER,0.0016105175018310547,12584,16534010,2578,22454368,1656,2090,6668
27-03-2023-17-56-19,mushroom_sample,basso,6,greedyProximityScore,0.003744840621948242,10994,16269206,22150,21880203,2599,2924,9818
27-03-2023-17-56-19,mushroom_sample,basso,6,greedyClusterArea,0.010770320892333984,10370,16267524,12312,21538214,2809,2294,8136
27-03-2023-17-56-19,mushroom_sample,basso,6,greedyBlockSliceArea,0.010011672973632812,10081,16210624,75516,21445515,2547,5738,19758
27-03-2023-17-56-19,mushroom_sample,basso,6,greedyDemerit,0.003904581069946289,12350,16534010,2578,22278212,1666,1575,6668
27-03-2023-17-56-19,mushroom_sample,basso,6,random1,3.695487976074219e-05,10791,16234306,52170,23041091,3259,3459,16109
27-03-2023-17-56-19,mushroom_sample,basso,6,random2,1.1920928955078125e-05,10070,16342106,53458,21112192,2891,3701,15019
27-03-2023-17-56-19,mushroom_sample,basso,6,random3,1.430511474609375e-05,10945,16236298,54288,22254390,3055,3144,14126
27-03-2023-17-56-19,mushroom_sample,basso,6,random4,1.3828277587890625e-05,11166,16258530,70745,22115856,3106,3569,18830
27-03-2023-17-56-19,mushroom_sample,basso,6,random5,1.3113021850585938e-05,10112,16213844,62768,21382995,3274,4967,16527
