startTime,datasetname,algo,k,method,runningTime,seriationScore,clusterAreaScore,visualisationCost,blockSliceArea,demeritScore,areaPenalty,perimeterSize
27-03-2023-17-56-19,mushroom_sample,PCV,26,metaTSP2,40.3659131526947,18935,706430,21231,3849558,5912,7543,10203
27-03-2023-17-56-19,mushroom_sample,PCV,26,ADVISER,0.19183826446533203,16433,728760,22595,3675111,6856,8746,9613
27-03-2023-17-56-19,mushroom_sample,PCV,26,greedyProximityScore,0.510751485824585,13602,528886,47809,3493208,9516,10149,11016
27-03-2023-17-56-19,mushroom_sample,PCV,26,greedyClusterArea,5.045794725418091,14443,597698,54432,3562370,7920,13130,13997
27-03-2023-17-56-19,mushroom_sample,PCV,26,greedyBlockSliceArea,1.3010146617889404,14274,556792,58672,3500500,8626,12715,13448
27-03-2023-17-56-19,mushroom_sample,PCV,26,greedyDemerit,0.1832578182220459,18244,720026,21188,3854420,6364,7294,9809
27-03-2023-17-56-19,mushroom_sample,PCV,26,random1,3.8623809814453125e-05,10711,202964,95663,3119965,13680,12982,13798
27-03-2023-17-56-19,mushroom_sample,PCV,26,random2,1.6450881958007812e-05,11552,223788,93463,3163361,12508,13154,14236
27-03-2023-17-56-19,mushroom_sample,PCV,26,random3,1.33514404296875e-05,10741,223438,99479,3181042,13082,13320,14293
27-03-2023-17-56-19,mushroom_sample,PCV,26,random4,1.4543533325195312e-05,11368,224092,87769,3147041,13394,12368,13348
27-03-2023-17-56-19,mushroom_sample,PCV,26,random5,1.5735626220703125e-05,11776,227618,89849,3143057,11480,12957,14408
