startTime,datasetname,algo,k,method,runningTime,seriationScore,clusterAreaScore,visualisationCost,blockSliceArea,demeritScore,areaPenalty,perimeterSize
27-03-2023-17-56-19,mushroom_sample,basso,54,metaTSP2,43.75588631629944,19472,16521589,380965,16578704,5894,9281,47794
27-03-2023-17-56-19,mushroom_sample,basso,54,ADVISER,2.4457130432128906,18759,16479901,489056,16526007,6987,10144,66988
27-03-2023-17-56-19,mushroom_sample,basso,54,greedyProximityScore,17.736268520355225,16784,16046689,2437540,16454315,11057,9387,104800
27-03-2023-17-56-19,mushroom_sample,basso,54,greedyClusterArea,542.6893110275269,15652,16056043,1524405,16462948,11169,8638,70179
27-03-2023-17-56-19,mushroom_sample,basso,54,greedyBlockSliceArea,39.03136491775513,16926,16055425,1892474,16463253,10902,9223,84756
27-03-2023-17-56-19,mushroom_sample,basso,54,greedyDemerit,2.106604814529419,21326,16504831,920364,16598964,7018,9674,88530
27-03-2023-17-56-19,mushroom_sample,basso,54,random1,5.078315734863281e-05,13830,16016953,9600574,16372250,15650,13797,210401
27-03-2023-17-56-19,mushroom_sample,basso,54,random2,1.6689300537109375e-05,13063,16013957,12276933,16375936,16609,13974,261535
27-03-2023-17-56-19,mushroom_sample,basso,54,random3,4.482269287109375e-05,14969,16016233,12217127,16386418,16903,13794,242082
27-03-2023-17-56-19,mushroom_sample,basso,54,random4,1.811981201171875e-05,14937,16015903,12953858,16413208,16093,14533,260725
27-03-2023-17-56-19,mushroom_sample,basso,54,random5,1.6450881958007812e-05,15147,16014953,13033414,16386018,16353,13920,287924
