startTime,datasetname,algo,k,method,runningTime,seriationScore,clusterAreaScore,visualisationCost,blockSliceArea,demeritScore,areaPenalty,perimeterSize
27-03-2023-17-56-19,mushroom_sample,PCV,54,metaTSP2,41.14972281455994,19134,328881,19738,3262413,7854,7446,9372
27-03-2023-17-56-19,mushroom_sample,PCV,54,ADVISER,0.7206411361694336,16532,333027,25627,2975267,9030,10308,9789
27-03-2023-17-56-19,mushroom_sample,PCV,54,greedyProximityScore,2.261148452758789,14167,261067,45315,2913866,10912,11527,11008
27-03-2023-17-56-19,mushroom_sample,PCV,54,greedyClusterArea,37.72204899787903,14442,261775,45618,2915204,10340,12155,11636
27-03-2023-17-56-19,mushroom_sample,PCV,54,greedyBlockSliceArea,4.944093704223633,14689,262951,63496,2915506,9980,14485,14555
27-03-2023-17-56-19,mushroom_sample,PCV,54,greedyDemerit,0.5802783966064453,18501,321157,27065,3202276,8398,8826,10134
27-03-2023-17-56-19,mushroom_sample,PCV,54,random1,3.409385681152344e-05,11091,115549,95136,2722779,14464,15387,14344
27-03-2023-17-56-19,mushroom_sample,PCV,54,random2,2.0503997802734375e-05,12363,131641,77610,2769731,13456,14839,13482
27-03-2023-17-56-19,mushroom_sample,PCV,54,random3,1.4781951904296875e-05,12514,136815,86419,2754810,14156,14611,13741
27-03-2023-17-56-19,mushroom_sample,PCV,54,random4,1.4543533325195312e-05,12301,142077,79977,2755662,13524,14489,13640
27-03-2023-17-56-19,mushroom_sample,PCV,54,random5,1.3828277587890625e-05,10827,105215,91329,2714187,15056,14576,13687
