startTime,datasetname,algo,k,method,runningTime,seriationScore,clusterAreaScore,visualisationCost,blockSliceArea,demeritScore,areaPenalty,perimeterSize
27-03-2023-17-56-19,mushroom_sample,PCV,22,metaTSP2,40.29386043548584,18629,810536,15445,4753468,5502,5051,9031
27-03-2023-17-56-19,mushroom_sample,PCV,22,ADVISER,0.1357109546661377,16506,844656,21198,4714683,6436,8508,9576
27-03-2023-17-56-19,mushroom_sample,PCV,22,greedyProximityScore,0.3679623603820801,13788,621946,43684,4499916,8302,10414,11482
27-03-2023-17-56-19,mushroom_sample,PCV,22,greedyClusterArea,3.516792058944702,13894,689888,56177,4561752,8006,12821,13889
27-03-2023-17-56-19,mushroom_sample,PCV,22,greedyBlockSliceArea,0.9722604751586914,14001,613576,58587,4486905,7912,13035,14073
27-03-2023-17-56-19,mushroom_sample,PCV,22,greedyDemerit,0.13922476768493652,18256,793322,27084,4877345,6254,8210,10381
27-03-2023-17-56-19,mushroom_sample,PCV,22,random1,2.5272369384765625e-05,10687,282766,92725,4040867,12170,13589,14376
27-03-2023-17-56-19,mushroom_sample,PCV,22,random2,1.6689300537109375e-05,11736,303372,87833,4114373,12134,11626,13821
27-03-2023-17-56-19,mushroom_sample,PCV,22,random3,1.6689300537109375e-05,10277,269258,96419,4041608,12364,13240,14434
27-03-2023-17-56-19,mushroom_sample,PCV,22,random4,1.2874603271484375e-05,11482,311684,76837,4144966,11722,12799,13377
27-03-2023-17-56-19,mushroom_sample,PCV,22,random5,1.5497207641601562e-05,11226,300012,94601,4061626,12628,12714,14048
