startTime,datasetname,algo,k,method,runningTime,seriationScore,clusterAreaScore,visualisationCost,blockSliceArea,demeritScore,areaPenalty,perimeterSize
27-03-2023-17-56-19,mushroom_sample,basso,22,metaTSP2,40.58276915550232,18172,16545709,117816,17660203,4155,6495,21698
27-03-2023-17-56-19,mushroom_sample,basso,22,ADVISER,0.17867755889892578,17000,16502253,192626,17468614,5051,6818,28434
27-03-2023-17-56-19,mushroom_sample,basso,22,greedyProximityScore,0.5718882083892822,15214,16081019,756149,17435687,7829,7870,46716
27-03-2023-17-56-19,mushroom_sample,basso,22,greedyClusterArea,10.251404762268066,14401,16086279,581698,17419921,7976,7446,37529
27-03-2023-17-56-19,mushroom_sample,basso,22,greedyBlockSliceArea,2.631859064102173,15873,16116019,675831,17462232,6948,8525,46668
27-03-2023-17-56-19,mushroom_sample,basso,22,greedyDemerit,0.3244602680206299,17361,16506553,252431,17483582,4786,8403,28820
27-03-2023-17-56-19,mushroom_sample,basso,22,random1,5.7220458984375e-05,12814,16050961,3966180,17301556,11198,12539,132316
27-03-2023-17-56-19,mushroom_sample,basso,22,random2,1.3828277587890625e-05,13659,16054691,2661648,17371708,10187,13401,97165
27-03-2023-17-56-19,mushroom_sample,basso,22,random3,1.430511474609375e-05,15277,16044979,3291562,17406555,10693,12102,119434
27-03-2023-17-56-19,mushroom_sample,basso,22,random4,1.4066696166992188e-05,12309,16048389,2961574,17222530,10155,13439,102363
27-03-2023-17-56-19,mushroom_sample,basso,22,random5,1.4781951904296875e-05,15276,16043345,4933642,17417788,10681,13018,146663
