startTime,datasetname,algo,k,method,runningTime,seriationScore,clusterAreaScore,visualisationCost,blockSliceArea,demeritScore,areaPenalty,perimeterSize
27-03-2023-17-56-19,mushroom_sample,basso,26,metaTSP2,40.73008942604065,18332,16534029,146650,17358373,4437,6715,25948
27-03-2023-17-56-19,mushroom_sample,basso,26,ADVISER,0.24133515357971191,17450,16466495,248402,17202902,5362,7512,33378
27-03-2023-17-56-19,mushroom_sample,basso,26,greedyProximityScore,0.8157529830932617,15623,16081507,899936,17177224,8284,8211,58214
27-03-2023-17-56-19,mushroom_sample,basso,26,greedyClusterArea,17.255330801010132,14717,16083599,626501,17168368,8396,7771,39446
27-03-2023-17-56-19,mushroom_sample,basso,26,greedyBlockSliceArea,3.2556581497192383,16160,16109835,673668,17182689,7445,8535,46794
27-03-2023-17-56-19,mushroom_sample,basso,26,greedyDemerit,0.4012439250946045,17811,16484671,203239,17239774,4902,8345,29015
27-03-2023-17-56-19,mushroom_sample,basso,26,random1,3.6716461181640625e-05,13142,16044471,4588647,17063437,11160,11796,127331
27-03-2023-17-56-19,mushroom_sample,basso,26,random2,2.0265579223632812e-05,11989,16040617,4490853,17045867,11111,12344,134825
27-03-2023-17-56-19,mushroom_sample,basso,26,random3,1.3589859008789062e-05,12100,16040701,4512296,17122519,11288,12309,142555
27-03-2023-17-56-19,mushroom_sample,basso,26,random4,1.3589859008789062e-05,15642,16041459,4312961,17127696,11012,11548,130604
27-03-2023-17-56-19,mushroom_sample,basso,26,random5,1.6689300537109375e-05,11819,16037977,2847451,17040325,11458,12981,101512
