startTime,datasetname,algo,k,method,runningTime,seriationScore,clusterAreaScore,visualisationCost,blockSliceArea,demeritScore,areaPenalty,perimeterSize
27-03-2023-17-56-19,mushroom_sample,PCV,14,metaTSP2,40.12943077087402,18168,1243957,13995,5604400,4634,6023,9259
27-03-2023-17-56-19,mushroom_sample,PCV,14,ADVISER,0.06120610237121582,16826,1155477,16257,5492872,5454,6300,9388
27-03-2023-17-56-19,mushroom_sample,PCV,14,greedyProximityScore,0.15679264068603516,13602,833429,43780,5205048,8104,8378,11466
27-03-2023-17-56-19,mushroom_sample,PCV,14,greedyClusterArea,0.8653345108032227,13585,756463,43266,5150366,7700,8694,11782
27-03-2023-17-56-19,mushroom_sample,PCV,14,greedyBlockSliceArea,0.36496973037719727,13943,857479,55853,5198095,7046,10789,14105
27-03-2023-17-56-19,mushroom_sample,PCV,14,greedyDemerit,0.06348681449890137,17696,1231761,15933,5550637,4968,7015,9595
27-03-2023-17-56-19,mushroom_sample,PCV,14,random1,2.7179718017578125e-05,11913,520725,70492,4789728,10472,10590,13166
27-03-2023-17-56-19,mushroom_sample,PCV,14,random2,1.2636184692382812e-05,12283,515683,74444,4857122,9878,10378,13826
27-03-2023-17-56-19,mushroom_sample,PCV,14,random3,1.239776611328125e-05,11847,589085,69260,4951356,10048,10601,13352
27-03-2023-17-56-19,mushroom_sample,PCV,14,random4,1.71661376953125e-05,11886,460401,85716,4801904,11176,11032,14076
27-03-2023-17-56-19,mushroom_sample,PCV,14,random5,1.2159347534179688e-05,11670,511847,76261,4869194,10540,10931,13789
