startTime,datasetname,algo,k,method,runningTime,seriationScore,clusterAreaScore,visualisationCost,blockSliceArea,demeritScore,areaPenalty,perimeterSize
27-03-2023-17-56-19,mushroom_sample,PCV,18,metaTSP2,40.2190055847168,18529,1410686,22946,5549979,5058,8430,10964
27-03-2023-17-56-19,mushroom_sample,PCV,18,ADVISER,0.10532188415527344,16768,1087312,22326,5083898,5790,7524,10034
27-03-2023-17-56-19,mushroom_sample,PCV,18,greedyProximityScore,0.29627132415771484,13625,749202,47881,4804200,8550,9233,11743
27-03-2023-17-56-19,mushroom_sample,PCV,18,greedyClusterArea,2.32759690284729,14250,768678,52969,4834236,7334,11352,13862
27-03-2023-17-56-19,mushroom_sample,PCV,18,greedyBlockSliceArea,0.7430381774902344,13421,703468,66549,4739027,7786,12278,14910
27-03-2023-17-56-19,mushroom_sample,PCV,18,greedyDemerit,0.10790729522705078,17992,1018122,17953,5203568,5662,7825,9366
27-03-2023-17-56-19,mushroom_sample,PCV,18,random1,3.1948089599609375e-05,11329,384980,92559,4440543,11742,12805,14323
27-03-2023-17-56-19,mushroom_sample,PCV,18,random2,1.2874603271484375e-05,10563,353572,83467,4317253,12294,11710,13391
27-03-2023-17-56-19,mushroom_sample,PCV,18,random3,1.9788742065429688e-05,12199,400898,81550,4413339,11446,12569,13894
27-03-2023-17-56-19,mushroom_sample,PCV,18,random4,1.3113021850585938e-05,10941,387314,91333,4414731,12402,12405,13887
27-03-2023-17-56-19,mushroom_sample,PCV,18,random5,1.3113021850585938e-05,10799,384590,94264,4370330,12684,11759,13969
