startTime,datasetname,algo,k,method,runningTime,seriationScore,clusterAreaScore,visualisationCost,blockSliceArea,demeritScore,areaPenalty,perimeterSize
27-03-2023-17-56-19,mushroom_sample,PCV,38,metaTSP2,40.656360149383545,18754,481048,20217,3505704,6938,7570,9591
27-03-2023-17-56-19,mushroom_sample,PCV,38,ADVISER,0.363201379776001,16533,448192,23648,3202858,7862,8851,9618
27-03-2023-17-56-19,mushroom_sample,PCV,38,greedyProximityScore,0.9909512996673584,14143,348908,43977,3130408,9756,10129,10896
27-03-2023-17-56-19,mushroom_sample,PCV,38,greedyClusterArea,13.261732578277588,14324,373346,42971,3154920,9416,10189,10956
27-03-2023-17-56-19,mushroom_sample,PCV,38,greedyBlockSliceArea,2.524536609649658,14406,348298,59129,3157000,9300,12688,13380
27-03-2023-17-56-19,mushroom_sample,PCV,38,greedyDemerit,0.32410430908203125,18158,437096,32198,3390157,7336,11220,11605
27-03-2023-17-56-19,mushroom_sample,PCV,38,random1,2.6702880859375e-05,12540,198270,85502,2950103,12840,13583,13923
27-03-2023-17-56-19,mushroom_sample,PCV,38,random2,1.33514404296875e-05,10723,141046,107550,2860849,14178,14977,14625
27-03-2023-17-56-19,mushroom_sample,PCV,38,random3,1.3589859008789062e-05,10686,139530,105396,2912428,14124,15324,14525
27-03-2023-17-56-19,mushroom_sample,PCV,38,random4,1.3828277587890625e-05,11615,150146,92846,2913848,13264,15124,14098
27-03-2023-17-56-19,mushroom_sample,PCV,38,random5,1.3589859008789062e-05,10840,146762,99802,2919170,14254,14300,14308
