startTime,datasetname,algo,k,method,runningTime,seriationScore,clusterAreaScore,visualisationCost,blockSliceArea,demeritScore,areaPenalty,perimeterSize
27-03-2023-17-56-19,mushroom_sample,PCV,30,metaTSP2,40.460912466049194,18758,597339,19375,3611847,6220,6574,9687
27-03-2023-17-56-19,mushroom_sample,PCV,30,ADVISER,0.2453012466430664,16645,602619,22070,3478255,7278,8456,9447
27-03-2023-17-56-19,mushroom_sample,PCV,30,greedyProximityScore,0.6532633304595947,14341,456809,42549,3346824,8924,10012,11003
27-03-2023-17-56-19,mushroom_sample,PCV,30,greedyClusterArea,7.568222999572754,14502,473607,41393,3363024,8608,9934,10925
27-03-2023-17-56-19,mushroom_sample,PCV,30,greedyBlockSliceArea,1.7262818813323975,14662,454371,57323,3376072,8498,11777,13354
27-03-2023-17-56-19,mushroom_sample,PCV,30,greedyDemerit,0.22983717918395996,18081,583763,26775,3629064,6748,8667,10280
27-03-2023-17-56-19,mushroom_sample,PCV,30,random1,2.2411346435546875e-05,11948,189069,92030,3063351,12380,14048,14462
27-03-2023-17-56-19,mushroom_sample,PCV,30,random2,3.361701965332031e-05,10968,183169,96325,3063372,13408,13448,14086
27-03-2023-17-56-19,mushroom_sample,PCV,30,random3,1.3589859008789062e-05,11867,226083,83853,3091587,11900,13670,14167
27-03-2023-17-56-19,mushroom_sample,PCV,30,random4,1.3828277587890625e-05,10508,177563,97640,3081369,13530,14060,14126
27-03-2023-17-56-19,mushroom_sample,PCV,30,random5,1.4066696166992188e-05,10212,164635,106494,3049936,13810,14302,14483
