startTime,datasetname,algo,k,method,runningTime,seriationScore,clusterAreaScore,visualisationCost,blockSliceArea,demeritScore,areaPenalty,perimeterSize
27-03-2023-17-56-19,mushroom_sample,basso,10,metaTSP2,40.079540491104126,15914,16539719,12495,20416574,2978,2298,10499
27-03-2023-17-56-19,mushroom_sample,basso,10,ADVISER,0.01668405532836914,14839,16500669,95283,19281799,3213,6929,20703
27-03-2023-17-56-19,mushroom_sample,basso,10,greedyProximityScore,0.042734384536743164,12867,16123385,325438,19196864,5936,6548,27439
27-03-2023-17-56-19,mushroom_sample,basso,10,greedyClusterArea,0.285245418548584,12876,16120567,169955,19290934,6173,5680,20624
27-03-2023-17-56-19,mushroom_sample,basso,10,greedyBlockSliceArea,0.16893625259399414,13817,16163507,320368,19316254,5149,7218,32019
27-03-2023-17-56-19,mushroom_sample,basso,10,greedyDemerit,0.0403752326965332,15530,16530129,82644,19448602,3125,4536,16101
27-03-2023-17-56-19,mushroom_sample,basso,10,random1,4.38690185546875e-05,11497,16113265,980092,19336666,7550,8243,61948
27-03-2023-17-56-19,mushroom_sample,basso,10,random2,1.1920928955078125e-05,11472,16143739,724658,19222231,7148,7853,47603
27-03-2023-17-56-19,mushroom_sample,basso,10,random3,1.2159347534179688e-05,13665,16129171,1015412,19142694,7226,8883,66779
27-03-2023-17-56-19,mushroom_sample,basso,10,random4,1.6450881958007812e-05,12866,16093491,889626,19188584,7136,9380,56195
27-03-2023-17-56-19,mushroom_sample,basso,10,random5,1.2636184692382812e-05,10946,16090597,945284,19276134,7379,9459,61716
