startTime,datasetname,algo,k,method,runningTime,seriationScore,clusterAreaScore,visualisationCost,blockSliceArea,demeritScore,areaPenalty,perimeterSize
27-03-2023-17-56-19,mushroom_sample,basso,30,metaTSP2,41.0911078453064,18213,16627218,175004,17011902,4735,6660,27667
27-03-2023-17-56-19,mushroom_sample,basso,30,ADVISER,0.4176914691925049,17719,16517966,299851,16930078,5684,7884,39707
27-03-2023-17-56-19,mushroom_sample,basso,30,greedyProximityScore,1.6646864414215088,16184,16087914,1200895,16880654,8808,8394,57410
27-03-2023-17-56-19,mushroom_sample,basso,30,greedyClusterArea,40.207308530807495,14968,16079200,762145,16869836,9020,8006,43338
27-03-2023-17-56-19,mushroom_sample,basso,30,greedyBlockSliceArea,5.973729610443115,15910,16086918,1389593,16879688,8946,8919,65294
27-03-2023-17-56-19,mushroom_sample,basso,30,greedyDemerit,0.6106007099151611,17965,16498796,319513,16914966,5403,8695,38279
27-03-2023-17-56-19,mushroom_sample,basso,30,random1,4.315376281738281e-05,15622,16032952,6751783,16830018,11607,13324,173829
27-03-2023-17-56-19,mushroom_sample,basso,30,random2,1.71661376953125e-05,12475,16032320,5053689,16770923,12077,11772,150362
27-03-2023-17-56-19,mushroom_sample,basso,30,random3,1.8358230590820312e-05,15665,16041522,4651162,16837370,10877,12724,164556
27-03-2023-17-56-19,mushroom_sample,basso,30,random4,1.4543533325195312e-05,12774,16030726,6925306,16802258,11836,13855,187300
27-03-2023-17-56-19,mushroom_sample,basso,30,random5,1.3828277587890625e-05,13362,16031928,6511616,16804785,12468,11967,183074
