startTime,datasetname,algo,k,method,runningTime,seriationScore,clusterAreaScore,visualisationCost,blockSliceArea,demeritScore,areaPenalty,perimeterSize
27-03-2023-17-56-19,mushroom_sample,PCV,42,metaTSP2,40.75903248786926,19071,408150,21385,3367209,7242,6841,9731
27-03-2023-17-56-19,mushroom_sample,PCV,42,ADVISER,0.440004825592041,16395,419894,25658,3243221,8384,8846,9911
27-03-2023-17-56-19,mushroom_sample,PCV,42,greedyProximityScore,1.256330966949463,13896,324768,46220,3166232,10310,10015,11080
27-03-2023-17-56-19,mushroom_sample,PCV,42,greedyClusterArea,17.80634593963623,13842,313304,52742,3152352,10430,10838,11903
27-03-2023-17-56-19,mushroom_sample,PCV,42,greedyBlockSliceArea,3.028529644012451,14858,337730,62243,3200762,9162,13360,14574
27-03-2023-17-56-19,mushroom_sample,PCV,42,greedyDemerit,0.38935136795043945,18653,405664,22173,3431756,7696,7418,9559
27-03-2023-17-56-19,mushroom_sample,PCV,42,random1,2.5033950805664062e-05,11553,145364,95413,2823960,13870,14640,14300
27-03-2023-17-56-19,mushroom_sample,PCV,42,random2,4.553794860839844e-05,11853,139604,92595,2814693,14088,13803,13779
27-03-2023-17-56-19,mushroom_sample,PCV,42,random3,1.5735626220703125e-05,9825,126432,99405,2792392,15084,14474,13725
27-03-2023-17-56-19,mushroom_sample,PCV,42,random4,1.5974044799804688e-05,10820,123086,95437,2837481,14742,13815,13655
27-03-2023-17-56-19,mushroom_sample,PCV,42,random5,1.5735626220703125e-05,12618,156082,95653,2893125,13398,14771,14389
