startTime,datasetname,algo,k,method,runningTime,seriationScore,clusterAreaScore,visualisationCost,blockSliceArea,demeritScore,areaPenalty,perimeterSize
27-03-2023-17-56-19,mushroom_sample,basso,14,metaTSP2,40.143800258636475,15077,16624275,48279,18489924,3135,7676,14801
27-03-2023-17-56-19,mushroom_sample,basso,14,ADVISER,0.034098148345947266,16080,16506845,84014,18611584,3775,5473,20925
27-03-2023-17-56-19,mushroom_sample,basso,14,greedyProximityScore,0.09183669090270996,13267,16086941,355822,18483583,7075,6915,29560
27-03-2023-17-56-19,mushroom_sample,basso,14,greedyClusterArea,0.9512131214141846,13925,16122719,191988,18692532,6706,6267,22644
27-03-2023-17-56-19,mushroom_sample,basso,14,greedyBlockSliceArea,0.3634185791015625,13883,16137785,474521,18532708,6309,8015,33334
27-03-2023-17-56-19,mushroom_sample,basso,14,greedyDemerit,0.0728139877319336,16304,16503071,88112,18662095,3796,5218,19721
27-03-2023-17-56-19,mushroom_sample,basso,14,random1,3.6716461181640625e-05,12749,16079045,689689,18381840,8694,10431,44904
27-03-2023-17-56-19,mushroom_sample,basso,14,random2,1.430511474609375e-05,11683,16089215,886425,18521176,7242,8759,59778
27-03-2023-17-56-19,mushroom_sample,basso,14,random3,1.430511474609375e-05,12198,16082893,867544,18276892,8634,10242,47942
27-03-2023-17-56-19,mushroom_sample,basso,14,random4,1.2874603271484375e-05,14330,16087669,873031,18534581,7886,9910,49083
27-03-2023-17-56-19,mushroom_sample,basso,14,random5,1.2874603271484375e-05,12433,16115625,905516,18517202,7560,9213,66223
