startTime,datasetname,algo,k,method,runningTime,seriationScore,clusterAreaScore,visualisationCost,blockSliceArea,demeritScore,areaPenalty,perimeterSize
27-03-2023-17-56-19,mushroom_sample,basso,34,metaTSP2,41.351980209350586,18763,16623222,173880,16939476,4894,7885,28068
27-03-2023-17-56-19,mushroom_sample,basso,34,ADVISER,0.5604770183563232,18259,16535352,359876,16847752,5827,9037,44727
27-03-2023-17-56-19,mushroom_sample,basso,34,greedyProximityScore,2.4252610206604004,16160,16083092,1299824,16795600,9113,8568,69849
27-03-2023-17-56-19,mushroom_sample,basso,34,greedyClusterArea,62.838114738464355,15157,16077434,819226,16792774,9299,8190,49201
27-03-2023-17-56-19,mushroom_sample,basso,34,greedyBlockSliceArea,8.099293231964111,16413,16084144,1344823,16807613,8588,9509,72552
27-03-2023-17-56-19,mushroom_sample,basso,34,greedyDemerit,0.7482764720916748,18166,16488684,275965,16838620,5602,9066,36616
27-03-2023-17-56-19,mushroom_sample,basso,34,random1,2.5987625122070312e-05,14284,16034886,5454865,16664620,12256,14420,165503
27-03-2023-17-56-19,mushroom_sample,basso,34,random2,1.4543533325195312e-05,11533,16028898,5428580,16686909,12827,14319,168276
27-03-2023-17-56-19,mushroom_sample,basso,34,random3,2.3126602172851562e-05,12462,16028052,7695188,16787252,12942,13844,192447
27-03-2023-17-56-19,mushroom_sample,basso,34,random4,2.4318695068359375e-05,11963,16029918,6667776,16691856,12814,12812,178500
27-03-2023-17-56-19,mushroom_sample,basso,34,random5,1.430511474609375e-05,14334,16028994,6350231,16710483,12478,12936,173005
