startTime,datasetname,algo,k,method,runningTime,seriationScore,clusterAreaScore,visualisationCost,blockSliceArea,demeritScore,areaPenalty,perimeterSize
27-03-2023-17-56-19,mushroom_sample,PCV,46,metaTSP2,40.87073755264282,18957,386173,20677,3312951,7370,6112,9513
27-03-2023-17-56-19,mushroom_sample,PCV,46,ADVISER,0.5163233280181885,16192,373255,25945,3063373,8666,9725,9885
27-03-2023-17-56-19,mushroom_sample,PCV,46,greedyProximityScore,1.4974079132080078,14042,288547,43421,2991765,10122,10781,10941
27-03-2023-17-56-19,mushroom_sample,PCV,46,greedyClusterArea,22.59151864051819,14058,300967,44059,3004251,9998,10873,11033
27-03-2023-17-56-19,mushroom_sample,PCV,46,greedyBlockSliceArea,3.5670254230499268,14056,287111,65690,3008609,9798,14438,14442
27-03-2023-17-56-19,mushroom_sample,PCV,46,greedyDemerit,0.4409139156341553,18343,388279,25120,3285822,7802,7853,9986
27-03-2023-17-56-19,mushroom_sample,PCV,46,random1,1.3589859008789062e-05,10332,107669,107201,2801183,14666,15345,14530
27-03-2023-17-56-19,mushroom_sample,PCV,46,random2,3.814697265625e-05,11444,125063,96298,2826203,13770,14680,14300
27-03-2023-17-56-19,mushroom_sample,PCV,46,random3,1.3828277587890625e-05,10781,121567,94032,2772151,14356,14188,13830
27-03-2023-17-56-19,mushroom_sample,PCV,46,random4,1.5735626220703125e-05,11592,121391,93154,2825120,14084,14750,13957
27-03-2023-17-56-19,mushroom_sample,PCV,46,random5,1.4066696166992188e-05,11075,121329,93174,2829309,14216,14475,13814
