startTime,datasetname,algo,k,method,runningTime,seriationScore,clusterAreaScore,visualisationCost,blockSliceArea,demeritScore,areaPenalty,perimeterSize
27-03-2023-17-56-19,mushroom_sample,basso,42,metaTSP2,41.96198558807373,17598,16576627,234752,16715692,5266,10446,32446
27-03-2023-17-56-19,mushroom_sample,basso,42,ADVISER,0.9492461681365967,18455,16535951,296967,16717226,6260,8397,38243
27-03-2023-17-56-19,mushroom_sample,basso,42,greedyProximityScore,4.896466493606567,16542,16074981,1513977,16647821,9953,8962,75782
27-03-2023-17-56-19,mushroom_sample,basso,42,greedyClusterArea,148.42832326889038,15416,16065635,994537,16644017,10053,8532,54078
27-03-2023-17-56-19,mushroom_sample,basso,42,greedyBlockSliceArea,14.40218734741211,16357,16063321,1596712,16647891,9441,9447,70466
27-03-2023-17-56-19,mushroom_sample,basso,42,greedyDemerit,1.1078033447265625,18552,16488927,329919,16701333,6092,9484,39751
27-03-2023-17-56-19,mushroom_sample,basso,42,random1,3.814697265625e-05,13901,16024165,7428314,16630854,13814,13233,214389
27-03-2023-17-56-19,mushroom_sample,basso,42,random2,2.5987625122070312e-05,12938,16025531,9554233,16545757,13118,13644,250199
27-03-2023-17-56-19,mushroom_sample,basso,42,random3,1.4781951904296875e-05,16140,16020299,9178279,16581120,13893,13515,226614
27-03-2023-17-56-19,mushroom_sample,basso,42,random4,1.52587890625e-05,14222,16021241,8681958,16554486,14226,13573,189266
27-03-2023-17-56-19,mushroom_sample,basso,42,random5,1.6927719116210938e-05,12521,16023549,8279157,16607340,13483,13837,221247
