startTime,datasetname,algo,k,method,runningTime,seriationScore,clusterAreaScore,visualisationCost,blockSliceArea,demeritScore,areaPenalty,perimeterSize
27-03-2023-17-56-19,mushroom_sample,PCV,34,metaTSP2,40.53701615333557,18983,522946,18365,4309477,6632,6724,9210
27-03-2023-17-56-19,mushroom_sample,PCV,34,ADVISER,0.28061437606811523,16620,501656,28961,4173570,7682,9624,10667
27-03-2023-17-56-19,mushroom_sample,PCV,34,greedyProximityScore,0.7510647773742676,14122,381162,43514,4086063,9438,9997,11040
27-03-2023-17-56-19,mushroom_sample,PCV,34,greedyClusterArea,9.88674807548523,14149,389480,48183,4093339,9398,10745,11788
27-03-2023-17-56-19,mushroom_sample,PCV,34,greedyBlockSliceArea,1.967698574066162,14255,378348,60711,4089006,8894,12811,13855
27-03-2023-17-56-19,mushroom_sample,PCV,34,greedyDemerit,0.26611971855163574,18138,496414,28382,4302604,7176,8371,10648
27-03-2023-17-56-19,mushroom_sample,PCV,34,random1,4.0531158447265625e-05,11063,183882,96110,3724484,12866,14776,14677
27-03-2023-17-56-19,mushroom_sample,PCV,34,random2,1.52587890625e-05,10627,176802,96589,3733906,13558,14421,14380
27-03-2023-17-56-19,mushroom_sample,PCV,34,random3,1.5735626220703125e-05,11286,193024,88947,3741112,12730,13493,14187
27-03-2023-17-56-19,mushroom_sample,PCV,34,random4,1.3828277587890625e-05,10754,189848,89825,3738204,13358,14110,13867
27-03-2023-17-56-19,mushroom_sample,PCV,34,random5,2.1696090698242188e-05,12125,207208,86626,3780034,12752,13683,13980
