startTime,datasetname,algo,k,method,runningTime,seriationScore,clusterAreaScore,visualisationCost,blockSliceArea,demeritScore,areaPenalty,perimeterSize
27-03-2023-17-56-19,mushroom_sample,PCV,6,metaTSP2,40.052215814590454,18340,16576587,8719,25797165,2300,3405,9783
27-03-2023-17-56-19,mushroom_sample,PCV,6,ADVISER,0.011827707290649414,19189,16543955,9832,23930066,2522,3029,9629
27-03-2023-17-56-19,mushroom_sample,PCV,6,greedyProximityScore,0.026989459991455078,16172,15868823,23836,25684168,4012,4018,10618
27-03-2023-17-56-19,mushroom_sample,PCV,6,greedyClusterArea,0.07054495811462402,16350,16250007,22844,28013484,3720,4088,10688
27-03-2023-17-56-19,mushroom_sample,PCV,6,greedyBlockSliceArea,0.05839872360229492,17012,15971641,23189,25866356,3702,4223,10823
27-03-2023-17-56-19,mushroom_sample,PCV,6,greedyDemerit,0.013993978500366211,19012,16539347,10240,23844850,2620,3105,9581
27-03-2023-17-56-19,mushroom_sample,PCV,6,random1,4.839897155761719e-05,12869,4793965,33815,12759228,6878,5913,12302
27-03-2023-17-56-19,mushroom_sample,PCV,6,random2,1.4066696166992188e-05,11585,3493649,43088,12112550,8032,6414,12739
27-03-2023-17-56-19,mushroom_sample,PCV,6,random3,1.430511474609375e-05,14576,3597085,46661,13952925,7712,6928,13292
27-03-2023-17-56-19,mushroom_sample,PCV,6,random4,1.3589859008789062e-05,16558,4942013,48994,16236336,7810,7994,13769
27-03-2023-17-56-19,mushroom_sample,PCV,6,random5,1.621246337890625e-05,13808,3621659,47989,13403216,8986,7286,12939
