startTime,datasetname,algo,k,method,runningTime,seriationScore,clusterAreaScore,visualisationCost,blockSliceArea,demeritScore,areaPenalty,perimeterSize
27-03-2023-17-56-19,mushroom_sample,PCV,10,metaTSP2,40.084553956985474,19617,2169503,10757,7177380,3844,4578,8975
27-03-2023-17-56-19,mushroom_sample,PCV,10,ADVISER,0.03816986083984375,18381,2213829,14846,7061886,4448,5653,9633
27-03-2023-17-56-19,mushroom_sample,PCV,10,greedyProximityScore,0.10109162330627441,14822,1404711,36913,6385925,7308,7046,11026
27-03-2023-17-56-19,mushroom_sample,PCV,10,greedyClusterArea,0.38840818405151367,15587,1714287,47378,6697436,5844,10439,14419
27-03-2023-17-56-19,mushroom_sample,PCV,10,greedyBlockSliceArea,0.21463537216186523,15186,1454397,50081,6425559,6514,10134,14114
27-03-2023-17-56-19,mushroom_sample,PCV,10,greedyDemerit,0.04225778579711914,19311,2189965,13186,7302402,4296,4739,9240
27-03-2023-17-56-19,mushroom_sample,PCV,10,random1,2.0503997802734375e-05,14012,837141,60890,5812248,9722,8933,13065
27-03-2023-17-56-19,mushroom_sample,PCV,10,random2,1.2636184692382812e-05,12213,761293,68643,5878555,9652,9860,13860
27-03-2023-17-56-19,mushroom_sample,PCV,10,random3,1.2636184692382812e-05,12528,755759,64735,5829328,10388,8987,13029
27-03-2023-17-56-19,mushroom_sample,PCV,10,random4,1.9550323486328125e-05,13933,898273,67958,5902228,9418,9419,13955
27-03-2023-17-56-19,mushroom_sample,PCV,10,random5,1.239776611328125e-05,14964,1178007,57353,6005244,8458,9310,13340
