startTime,datasetname,algo,k,method,runningTime,seriationScore,clusterAreaScore,visualisationCost,blockSliceArea,demeritScore,areaPenalty,perimeterSize
27-03-2023-17-56-19,mushroom_sample,basso,18,metaTSP2,40.31585693359375,15694,16625553,77298,17828152,3656,8789,17325
27-03-2023-17-56-19,mushroom_sample,basso,18,ADVISER,0.09509515762329102,16633,16531083,195756,17826710,4564,6099,26932
27-03-2023-17-56-19,mushroom_sample,basso,18,greedyProximityScore,0.23986005783081055,15176,16141783,744893,17833293,6715,8050,46398
27-03-2023-17-56-19,mushroom_sample,basso,18,greedyClusterArea,3.285273551940918,13921,16099329,398921,17792318,7319,7248,30736
27-03-2023-17-56-19,mushroom_sample,basso,18,greedyBlockSliceArea,1.0045673847198486,15373,16150279,702096,17861038,6517,8713,48882
27-03-2023-17-56-19,mushroom_sample,basso,18,greedyDemerit,0.1700448989868164,16801,16567269,144201,17851236,4280,7082,21666
27-03-2023-17-56-19,mushroom_sample,basso,18,random1,2.8133392333984375e-05,14137,16057809,2555803,17748285,9639,12141,107567
27-03-2023-17-56-19,mushroom_sample,basso,18,random2,1.33514404296875e-05,13183,16058403,2413146,17710864,9095,11634,105043
27-03-2023-17-56-19,mushroom_sample,basso,18,random3,1.3589859008789062e-05,11629,16056103,3062057,17671000,9574,11866,111386
27-03-2023-17-56-19,mushroom_sample,basso,18,random4,1.33514404296875e-05,13089,16054999,2328785,17646812,9363,12213,90494
27-03-2023-17-56-19,mushroom_sample,basso,18,random5,2.9325485229492188e-05,12279,16057525,2794266,17697545,9848,12052,121737
