startTime,datasetname,algo,k,method,runningTime,seriationScore,clusterAreaScore,visualisationCost,blockSliceArea,demeritScore,areaPenalty,perimeterSize
27-03-2023-17-56-19,mushroom_sample,basso,38,metaTSP2,41.7258996963501,18999,16529491,153893,16819180,5153,8008,26033
27-03-2023-17-56-19,mushroom_sample,basso,38,ADVISER,0.7946953773498535,18398,16535205,341461,16761063,6104,9315,43567
27-03-2023-17-56-19,mushroom_sample,basso,38,greedyProximityScore,3.831212282180786,16267,16065321,1560663,16697591,9777,8955,74746
27-03-2023-17-56-19,mushroom_sample,basso,38,greedyClusterArea,105.8612334728241,15262,16065583,971320,16691573,9816,8515,51863
27-03-2023-17-56-19,mushroom_sample,basso,38,greedyBlockSliceArea,11.76978325843811,16357,16064037,1681116,16705153,9070,9728,72823
27-03-2023-17-56-19,mushroom_sample,basso,38,greedyDemerit,0.9815735816955566,18442,16488989,298102,16757191,5994,8979,36662
27-03-2023-17-56-19,mushroom_sample,basso,38,random1,3.910064697265625e-05,14632,16024233,10138443,16619479,12994,14013,268297
27-03-2023-17-56-19,mushroom_sample,basso,38,random2,1.5974044799804688e-05,14716,16028469,6157731,16641240,12761,12368,155619
27-03-2023-17-56-19,mushroom_sample,basso,38,random3,1.7881393432617188e-05,12753,16024591,7031558,16605287,13443,13032,179787
27-03-2023-17-56-19,mushroom_sample,basso,38,random4,1.5020370483398438e-05,12865,16026795,8663257,16606250,13627,13855,232921
27-03-2023-17-56-19,mushroom_sample,basso,38,random5,1.5735626220703125e-05,11579,16024325,4998940,16598908,13305,13885,122203
