startTime,datasetname,algo,k,method,runningTime,seriationScore,clusterAreaScore,visualisationCost,blockSliceArea,demeritScore,areaPenalty,perimeterSize
27-03-2023-17-56-19,mushroom_sample,basso,50,metaTSP2,43.34827280044556,19395,16524629,300869,16613712,5726,10392,45212
27-03-2023-17-56-19,mushroom_sample,basso,50,ADVISER,2.0528805255889893,18685,16475613,490080,16550619,6815,10264,68135
27-03-2023-17-56-19,mushroom_sample,basso,50,greedyProximityScore,14.125547885894775,16797,16053757,2089877,16478329,10750,9436,91924
27-03-2023-17-56-19,mushroom_sample,basso,50,greedyClusterArea,415.15084624290466,16167,16054711,1591824,16485607,11000,8656,72370
27-03-2023-17-56-19,mushroom_sample,basso,50,greedyBlockSliceArea,33.065889835357666,16666,16053449,2880654,16497771,11059,9956,100096
27-03-2023-17-56-19,mushroom_sample,basso,50,greedyDemerit,1.89093017578125,21251,16497977,694275,16600628,6793,9343,76484
27-03-2023-17-56-19,mushroom_sample,basso,50,random1,3.981590270996094e-05,14963,16017495,12583309,16412967,15521,14133,277630
27-03-2023-17-56-19,mushroom_sample,basso,50,random2,2.8371810913085938e-05,13418,16015807,12884576,16395305,15790,14224,281016
27-03-2023-17-56-19,mushroom_sample,basso,50,random3,1.8358230590820312e-05,15333,16018503,12589280,16413344,15369,13843,266242
27-03-2023-17-56-19,mushroom_sample,basso,50,random4,2.193450927734375e-05,13878,16016597,13290162,16400501,15840,14251,278950
27-03-2023-17-56-19,mushroom_sample,basso,50,random5,1.6450881958007812e-05,12853,16019567,11483501,16421982,15491,13491,263393
