startTime,datasetname,algo,k,method,runningTime,seriationScore,clusterAreaScore,visualisationCost,blockSliceArea,demeritScore,areaPenalty,perimeterSize
27-03-2023-17-56-19,mushroom_sample,basso,46,metaTSP2,42.48111820220947,19301,16535937,376258,16689990,5473,10344,47880
27-03-2023-17-56-19,mushroom_sample,basso,46,ADVISER,1.3503544330596924,18560,16332421,316633,16593840,6760,8919,39790
27-03-2023-17-56-19,mushroom_sample,basso,46,greedyProximityScore,7.720813512802124,16879,16071709,1586440,16546773,9838,8856,79691
27-03-2023-17-56-19,mushroom_sample,basso,46,greedyClusterArea,234.81360173225403,15473,16061117,1057336,16541657,10143,8541,56843
27-03-2023-17-56-19,mushroom_sample,basso,46,greedyBlockSliceArea,20.741694688796997,16467,16080925,2298248,16545551,9638,10258,94446
27-03-2023-17-56-19,mushroom_sample,basso,46,greedyDemerit,1.4042778015136719,18900,16494757,329860,16623207,6122,9310,42183
27-03-2023-17-56-19,mushroom_sample,basso,46,random1,3.743171691894531e-05,14934,16022029,7963747,16473382,13632,13280,203714
27-03-2023-17-56-19,mushroom_sample,basso,46,random2,2.193450927734375e-05,13329,16024157,9266275,16473920,14704,13321,234925
27-03-2023-17-56-19,mushroom_sample,basso,46,random3,1.5735626220703125e-05,14601,16018623,9358789,16476687,14809,14026,227795
27-03-2023-17-56-19,mushroom_sample,basso,46,random4,1.5497207641601562e-05,14913,16020391,8899209,16479297,14199,13678,199091
27-03-2023-17-56-19,mushroom_sample,basso,46,random5,1.71661376953125e-05,11605,16019297,6828700,16439720,14440,14191,179259
