startTime,datasetname,algo,k,method,runningTime,seriationScore,clusterAreaScore,visualisationCost,blockSliceArea,demeritScore,areaPenalty,perimeterSize
27-03-2023-17-56-19,mushroom_sample,PCV,50,metaTSP2,40.99023365974426,18921,350612,22154,3258163,7706,7458,9868
27-03-2023-17-56-19,mushroom_sample,PCV,50,ADVISER,0.6117796897888184,15997,335318,23243,2989683,8850,9920,9487
27-03-2023-17-56-19,mushroom_sample,PCV,50,greedyProximityScore,1.8839247226715088,13908,263832,43382,2928910,10126,11474,11041
27-03-2023-17-56-19,mushroom_sample,PCV,50,greedyClusterArea,29.206405878067017,13957,274146,49321,2938790,10122,12562,12129
27-03-2023-17-56-19,mushroom_sample,PCV,50,greedyBlockSliceArea,4.25766134262085,14173,255420,66739,2932516,10046,14964,14614
27-03-2023-17-56-19,mushroom_sample,PCV,50,greedyDemerit,0.5206270217895508,18562,332984,23803,3266117,8108,7480,9725
27-03-2023-17-56-19,mushroom_sample,PCV,50,random1,3.5762786865234375e-05,11052,108122,100427,2766554,14000,15918,14733
27-03-2023-17-56-19,mushroom_sample,PCV,50,random2,1.3828277587890625e-05,11164,109898,107561,2732684,15172,15517,14565
27-03-2023-17-56-19,mushroom_sample,PCV,50,random3,1.9788742065429688e-05,11568,113868,93144,2765148,14476,14889,13961
27-03-2023-17-56-19,mushroom_sample,PCV,50,random4,1.4066696166992188e-05,10734,103458,103096,2745063,14506,15330,14611
27-03-2023-17-56-19,mushroom_sample,PCV,50,random5,1.4781951904296875e-05,11809,134786,99257,2744160,14032,15226,14599
